Domain Code,Domain,Area Code (FAO),Area,Element Code,Element,Item Code,Item,Year Code,Year,Unit,Value,Flag,Flag Description,Note
"OA","Annual population","59","Egypt","511","Total Population - Both sexes","3010","Population - Est. & Proj.","1950","1950","1000 persons","20451.978","X","International reliable sources",""
"OA","Annual population","59","Egypt","512","Total Population - Male","3010","Population - Est. & Proj.","1950","1950","1000 persons","10381.76","X","International reliable sources",""
"OA","Annual population","59","Egypt","513","Total Population - Female","3010","Population - Est. & Proj.","1950","1950","1000 persons","10070.228","X","International reliable sources",""
"OA","Annual population","59","Egypt","551","Rural population","3010","Population - Est. & Proj.","1950","1950","1000 persons","14099.948","X","International reliable sources",""
"OA","Annual population","59","Egypt","561","Urban population","3010","Population - Est. & Proj.","1950","1950","1000 persons","6613.383","X","International reliable sources","UNDESA, Population Division – World Urbanization Prospects, the 2018 Revision"
"OA","Annual population","59","Egypt","511","Total Population - Both sexes","3010","Population - Est. & Proj.","1951","1951","1000 persons","20948.601","X","International reliable sources",""
"OA","Annual population","59","Egypt","512","Total Population - Male","3010","Population - Est. & Proj.","1951","1951","1000 persons","10638.072","X","International reliable sources",""
"OA","Annual population","59","Egypt","513","Total Population - Female","3010","Population - Est. & Proj.","1951","1951","1000 persons","10310.528","X","International reliable sources",""
"OA","Annual population","59","Egypt","551","Rural population","3010","Population - Est. & Proj.","1951","1951","1000 persons","14320.22","X","International reliable sources",""
"OA","Annual population","59","Egypt","561","Urban population","3010","Population - Est. & Proj.","1951","1951","1000 persons","6894.794","X","International reliable sources","UNDESA, Population Division – World Urbanization Prospects, the 2018 Revision"
"OA","Annual population","59","Egypt","511","Total Population - Both sexes","3010","Population - Est. & Proj.","1952","1952","1000 persons","21473.798","X","International reliable sources",""
"OA","Annual population","59","Egypt","512","Total Population - Male","3010","Population - Est. & Proj.","1952","1952","1000 persons","10909.309","X","International reliable sources",""
"OA","Annual population","59","Egypt","513","Total Population - Female","3010","Population - Est. & Proj.","1952","1952","1000 persons","10564.483","X","International reliable sources",""
"OA","Annual population","59","Egypt","551","Rural population","3010","Population - Est. & Proj.","1952","1952","1000 persons","14553.593","X","International reliable sources",""
"OA","Annual population","59","Egypt","561","Urban population","3010","Population - Est. & Proj.","1952","1952","1000 persons","7193.215","X","International reliable sources","UNDESA, Population Division – World Urbanization Prospects, the 2018 Revision"
"OA","Annual population","59","Egypt","511","Total Population - Both sexes","3010","Population - Est. & Proj.","1953","1953","1000 persons","22028.134","X","International reliable sources",""
"OA","Annual population","59","Egypt","512","Total Population - Male","3010","Population - Est. & Proj.","1953","1953","1000 persons","11195.254","X","International reliable sources",""
"OA","Annual population","59","Egypt","513","Total Population - Female","3010","Population - Est. & Proj.","1953","1953","1000 persons","10832.878","X","International reliable sources",""
"OA","Annual population","59","Egypt","551","Rural population","3010","Population - Est. & Proj.","1953","1953","1000 persons","14800.269","X","International reliable sources",""
"OA","Annual population","59","Egypt","561","Urban population","3010","Population - Est. & Proj.","1953","1953","1000 persons","7508.829","X","International reliable sources","UNDESA, Population Division – World Urbanization Prospects, the 2018 Revision"
"OA","Annual population","59","Egypt","511","Total Population - Both sexes","3010","Population - Est. & Proj.","1954","1954","1000 persons","22611.51","X","International reliable sources",""
"OA","Annual population","59","Egypt","512","Total Population - Male","3010","Population - Est. & Proj.","1954","1954","1000 persons","11495.505","X","International reliable sources",""
"OA","Annual population","59","Egypt","513","Total Population - Female","3010","Population - Est. & Proj.","1954","1954","1000 persons","11115.997","X","International reliable sources",""
"OA","Annual population","59","Egypt","551","Rural population","3010","Population - Est. & Proj.","1954","1954","1000 persons","15058.949","X","International reliable sources",""
"OA","Annual population","59","Egypt","561","Urban population","3010","Population - Est. & Proj.","1954","1954","1000 persons","7842.649","X","International reliable sources","UNDESA, Population Division – World Urbanization Prospects, the 2018 Revision"
"OA","Annual population","59","Egypt","511","Total Population - Both sexes","3010","Population - Est. & Proj.","1955","1955","1000 persons","23223.124","X","International reliable sources",""
"OA","Annual population","59","Egypt","512","Total Population - Male","3010","Population - Est. & Proj.","1955","1955","1000 persons","11809.456","X","International reliable sources",""
"OA","Annual population","59","Egypt","513","Total Population - Female","3010","Population - Est. & Proj.","1955","1955","1000 persons","11413.669","X","International reliable sources",""
"OA","Annual population","59","Egypt","551","Rural population","3010","Population - Est. & Proj.","1955","1955","1000 persons","15328.618","X","International reliable sources",""
"OA","Annual population","59","Egypt","561","Urban population","3010","Population - Est. & Proj.","1955","1955","1000 persons","8194.766","X","International reliable sources","UNDESA, Population Division – World Urbanization Prospects, the 2018 Revision"
"OA","Annual population","59","Egypt","511","Total Population - Both sexes","3010","Population - Est. & Proj.","1956","1956","1000 persons","23861.519","X","International reliable sources",""
"OA","Annual population","59","Egypt","512","Total Population - Male","3010","Population - Est. & Proj.","1956","1956","1000 persons","12136.293","X","International reliable sources",""
"OA","Annual population","59","Egypt","513","Total Population - Female","3010","Population - Est. & Proj.","1956","1956","1000 persons","11725.216","X","International reliable sources",""
"OA","Annual population","59","Egypt","551","Rural population","3010","Population - Est. & Proj.","1956","1956","1000 persons","15607.477","X","International reliable sources",""
"OA","Annual population","59","Egypt","561","Urban population","3010","Population - Est. & Proj.","1956","1956","1000 persons","8565.395","X","International reliable sources","UNDESA, Population Division – World Urbanization Prospects, the 2018 Revision"
"OA","Annual population","59","Egypt","511","Total Population - Both sexes","3010","Population - Est. & Proj.","1957","1957","1000 persons","24524.53","X","International reliable sources",""
"OA","Annual population","59","Egypt","512","Total Population - Male","3010","Population - Est. & Proj.","1957","1957","1000 persons","12475.054","X","International reliable sources",""
"OA","Annual population","59","Egypt","513","Total Population - Female","3010","Population - Est. & Proj.","1957","1957","1000 persons","12049.477","X","International reliable sources",""
"OA","Annual population","59","Egypt","551","Rural population","3010","Population - Est. & Proj.","1957","1957","1000 persons","15894.142","X","International reliable sources",""
"OA","Annual population","59","Egypt","561","Urban population","3010","Population - Est. & Proj.","1957","1957","1000 persons","8953.68","X","International reliable sources","UNDESA, Population Division – World Urbanization Prospects, the 2018 Revision"
"OA","Annual population","59","Egypt","511","Total Population - Both sexes","3010","Population - Est. & Proj.","1958","1958","1000 persons","25209.462","X","International reliable sources",""
"OA","Annual population","59","Egypt","512","Total Population - Male","3010","Population - Est. & Proj.","1958","1958","1000 persons","12824.564","X","International reliable sources",""
"OA","Annual population","59","Egypt","513","Total Population - Female","3010","Population - Est. & Proj.","1958","1958","1000 persons","12384.895","X","International reliable sources",""
"OA","Annual population","59","Egypt","551","Rural population","3010","Population - Est. & Proj.","1958","1958","1000 persons","16185.754","X","International reliable sources",""
"OA","Annual population","59","Egypt","561","Urban population","3010","Population - Est. & Proj.","1958","1958","1000 persons","9359.722","X","International reliable sources","UNDESA, Population Division – World Urbanization Prospects, the 2018 Revision"
"OA","Annual population","59","Egypt","511","Total Population - Both sexes","3010","Population - Est. & Proj.","1959","1959","1000 persons","25913.23","X","International reliable sources",""
"OA","Annual population","59","Egypt","512","Total Population - Male","3010","Population - Est. & Proj.","1959","1959","1000 persons","13183.569","X","International reliable sources",""
"OA","Annual population","59","Egypt","513","Total Population - Female","3010","Population - Est. & Proj.","1959","1959","1000 persons","12729.658","X","International reliable sources",""
"OA","Annual population","59","Egypt","551","Rural population","3010","Population - Est. & Proj.","1959","1959","1000 persons","16480.084","X","International reliable sources",""
"OA","Annual population","59","Egypt","561","Urban population","3010","Population - Est. & Proj.","1959","1959","1000 persons","9782.613","X","International reliable sources","UNDESA, Population Division – World Urbanization Prospects, the 2018 Revision"
"OA","Annual population","59","Egypt","511","Total Population - Both sexes","3010","Population - Est. & Proj.","1960","1960","1000 persons","26632.894","X","International reliable sources",""
"OA","Annual population","59","Egypt","512","Total Population - Male","3010","Population - Est. & Proj.","1960","1960","1000 persons","13550.85","X","International reliable sources",""
"OA","Annual population","59","Egypt","513","Total Population - Female","3010","Population - Est. & Proj.","1960","1960","1000 persons","13082.041","X","International reliable sources",""
"OA","Annual population","59","Egypt","551","Rural population","3010","Population - Est. & Proj.","1960","1960","1000 persons","16774.662","X","International reliable sources",""
"OA","Annual population","59","Egypt","561","Urban population","3010","Population - Est. & Proj.","1960","1960","1000 persons","10221.871","X","International reliable sources","UNDESA, Population Division – World Urbanization Prospects, the 2018 Revision"
"OA","Annual population","59","Egypt","511","Total Population - Both sexes","3010","Population - Est. & Proj.","1961","1961","1000 persons","27366.237","X","International reliable sources",""
"OA","Annual population","59","Egypt","512","Total Population - Male","3010","Population - Est. & Proj.","1961","1961","1000 persons","13925.376","X","International reliable sources",""
"OA","Annual population","59","Egypt","513","Total Population - Female","3010","Population - Est. & Proj.","1961","1961","1000 persons","13440.863","X","International reliable sources",""
"OA","Annual population","59","Egypt","551","Rural population","3010","Population - Est. & Proj.","1961","1961","1000 persons","17126.13","X","International reliable sources",""
"OA","Annual population","59","Egypt","561","Urban population","3010","Population - Est. & Proj.","1961","1961","1000 persons","10618.582","X","International reliable sources","UNDESA, Population Division – World Urbanization Prospects, the 2018 Revision"
"OA","Annual population","59","Egypt","511","Total Population - Both sexes","3010","Population - Est. & Proj.","1962","1962","1000 persons","28112.256","X","International reliable sources",""
"OA","Annual population","59","Egypt","512","Total Population - Male","3010","Population - Est. & Proj.","1962","1962","1000 persons","14306.43","X","International reliable sources",""
"OA","Annual population","59","Egypt","513","Total Population - Female","3010","Population - Est. & Proj.","1962","1962","1000 persons","13805.828","X","International reliable sources",""
"OA","Annual population","59","Egypt","551","Rural population","3010","Population - Est. & Proj.","1962","1962","1000 persons","17495.938","X","International reliable sources",""
"OA","Annual population","59","Egypt","561","Urban population","3010","Population - Est. & Proj.","1962","1962","1000 persons","11010.238","X","International reliable sources","UNDESA, Population Division – World Urbanization Prospects, the 2018 Revision"
"OA","Annual population","59","Egypt","511","Total Population - Both sexes","3010","Population - Est. & Proj.","1963","1963","1000 persons","28871.383","X","International reliable sources",""
"OA","Annual population","59","Egypt","512","Total Population - Male","3010","Population - Est. & Proj.","1963","1963","1000 persons","14693.713","X","International reliable sources",""
"OA","Annual population","59","Egypt","513","Total Population - Female","3010","Population - Est. & Proj.","1963","1963","1000 persons","14177.67","X","International reliable sources",""
"OA","Annual population","59","Egypt","551","Rural population","3010","Population - Est. & Proj.","1963","1963","1000 persons","17868.348","X","International reliable sources",""
"OA","Annual population","59","Egypt","561","Urban population","3010","Population - Est. & Proj.","1963","1963","1000 persons","11412.902","X","International reliable sources","UNDESA, Population Division – World Urbanization Prospects, the 2018 Revision"
"OA","Annual population","59","Egypt","511","Total Population - Both sexes","3010","Population - Est. & Proj.","1964","1964","1000 persons","29644.875","X","International reliable sources",""
"OA","Annual population","59","Egypt","512","Total Population - Male","3010","Population - Est. & Proj.","1964","1964","1000 persons","15087.126","X","International reliable sources",""
"OA","Annual population","59","Egypt","513","Total Population - Female","3010","Population - Est. & Proj.","1964","1964","1000 persons","14557.749","X","International reliable sources",""
"OA","Annual population","59","Egypt","551","Rural population","3010","Population - Est. & Proj.","1964","1964","1000 persons","18243.76","X","International reliable sources",""
"OA","Annual population","59","Egypt","561","Urban population","3010","Population - Est. & Proj.","1964","1964","1000 persons","11827.342","X","International reliable sources","UNDESA, Population Division – World Urbanization Prospects, the 2018 Revision"
"OA","Annual population","59","Egypt","511","Total Population - Both sexes","3010","Population - Est. & Proj.","1965","1965","1000 persons","30433.022","X","International reliable sources",""
"OA","Annual population","59","Egypt","512","Total Population - Male","3010","Population - Est. & Proj.","1965","1965","1000 persons","15486.306","X","International reliable sources",""
"OA","Annual population","59","Egypt","513","Total Population - Female","3010","Population - Est. & Proj.","1965","1965","1000 persons","14946.718","X","International reliable sources",""
"OA","Annual population","59","Egypt","551","Rural population","3010","Population - Est. & Proj.","1965","1965","1000 persons","18622.582","X","International reliable sources",""
"OA","Annual population","59","Egypt","561","Urban population","3010","Population - Est. & Proj.","1965","1965","1000 persons","12253.382","X","International reliable sources","UNDESA, Population Division – World Urbanization Prospects, the 2018 Revision"
"OA","Annual population","59","Egypt","511","Total Population - Both sexes","3010","Population - Est. & Proj.","1966","1966","1000 persons","31237.6","X","International reliable sources",""
"OA","Annual population","59","Egypt","512","Total Population - Male","3010","Population - Est. & Proj.","1966","1966","1000 persons","15891.961","X","International reliable sources",""
"OA","Annual population","59","Egypt","513","Total Population - Female","3010","Population - Est. & Proj.","1966","1966","1000 persons","15345.636","X","International reliable sources",""
"OA","Annual population","59","Egypt","551","Rural population","3010","Population - Est. & Proj.","1966","1966","1000 persons","19005.262","X","International reliable sources",""
"OA","Annual population","59","Egypt","561","Urban population","3010","Population - Est. & Proj.","1966","1966","1000 persons","12692.354","X","International reliable sources","UNDESA, Population Division – World Urbanization Prospects, the 2018 Revision"
"OA","Annual population","59","Egypt","511","Total Population - Both sexes","3010","Population - Est. & Proj.","1967","1967","1000 persons","32056.51","X","International reliable sources",""
"OA","Annual population","59","Egypt","512","Total Population - Male","3010","Population - Est. & Proj.","1967","1967","1000 persons","16303.206","X","International reliable sources",""
"OA","Annual population","59","Egypt","513","Total Population - Female","3010","Population - Est. & Proj.","1967","1967","1000 persons","15753.3","X","International reliable sources",""
"OA","Annual population","59","Egypt","551","Rural population","3010","Population - Est. & Proj.","1967","1967","1000 persons","19390.54","X","International reliable sources",""
"OA","Annual population","59","Egypt","561","Urban population","3010","Population - Est. & Proj.","1967","1967","1000 persons","13143.481","X","International reliable sources","UNDESA, Population Division – World Urbanization Prospects, the 2018 Revision"
"OA","Annual population","59","Egypt","511","Total Population - Both sexes","3010","Population - Est. & Proj.","1968","1968","1000 persons","32881.848","X","International reliable sources",""
"OA","Annual population","59","Egypt","512","Total Population - Male","3010","Population - Est. & Proj.","1968","1968","1000 persons","16716.331","X","International reliable sources",""
"OA","Annual population","59","Egypt","513","Total Population - Female","3010","Population - Est. & Proj.","1968","1968","1000 persons","16165.521","X","International reliable sources",""
"OA","Annual population","59","Egypt","551","Rural population","3010","Population - Est. & Proj.","1968","1968","1000 persons","19773.385","X","International reliable sources",""
"OA","Annual population","59","Egypt","561","Urban population","3010","Population - Est. & Proj.","1968","1968","1000 persons","13603.874","X","International reliable sources","UNDESA, Population Division – World Urbanization Prospects, the 2018 Revision"
"OA","Annual population","59","Egypt","511","Total Population - Both sexes","3010","Population - Est. & Proj.","1969","1969","1000 persons","33703.139","X","International reliable sources",""
"OA","Annual population","59","Egypt","512","Total Population - Male","3010","Population - Est. & Proj.","1969","1969","1000 persons","17126.508","X","International reliable sources",""
"OA","Annual population","59","Egypt","513","Total Population - Female","3010","Population - Est. & Proj.","1969","1969","1000 persons","16576.619","X","International reliable sources",""
"OA","Annual population","59","Egypt","551","Rural population","3010","Population - Est. & Proj.","1969","1969","1000 persons","20148.019","X","International reliable sources",""
"OA","Annual population","59","Egypt","561","Urban population","3010","Population - Est. & Proj.","1969","1969","1000 persons","14068.807","X","International reliable sources","UNDESA, Population Division – World Urbanization Prospects, the 2018 Revision"
"OA","Annual population","59","Egypt","511","Total Population - Both sexes","3010","Population - Est. & Proj.","1970","1970","1000 persons","34513.85","X","International reliable sources",""
"OA","Annual population","59","Egypt","512","Total Population - Male","3010","Population - Est. & Proj.","1970","1970","1000 persons","17530.808","X","International reliable sources",""
"OA","Annual population","59","Egypt","513","Total Population - Female","3010","Population - Est. & Proj.","1970","1970","1000 persons","16983.043","X","International reliable sources",""
"OA","Annual population","59","Egypt","551","Rural population","3010","Population - Est. & Proj.","1970","1970","1000 persons","20510.202","X","International reliable sources",""
"OA","Annual population","59","Egypt","561","Urban population","3010","Population - Est. & Proj.","1970","1970","1000 persons","14536.071","X","International reliable sources","UNDESA, Population Division – World Urbanization Prospects, the 2018 Revision"
"OA","Annual population","59","Egypt","511","Total Population - Both sexes","3010","Population - Est. & Proj.","1971","1971","1000 persons","35311.91","X","International reliable sources",""
"OA","Annual population","59","Egypt","512","Total Population - Male","3010","Population - Est. & Proj.","1971","1971","1000 persons","17928.044","X","International reliable sources",""
"OA","Annual population","59","Egypt","513","Total Population - Female","3010","Population - Est. & Proj.","1971","1971","1000 persons","17383.861","X","International reliable sources",""
"OA","Annual population","59","Egypt","551","Rural population","3010","Population - Est. & Proj.","1971","1971","1000 persons","20858.906","X","International reliable sources",""
"OA","Annual population","59","Egypt","561","Urban population","3010","Population - Est. & Proj.","1971","1971","1000 persons","15004.476","X","International reliable sources","UNDESA, Population Division – World Urbanization Prospects, the 2018 Revision"
"OA","Annual population","59","Egypt","511","Total Population - Both sexes","3010","Population - Est. & Proj.","1972","1972","1000 persons","36102.659","X","International reliable sources",""
"OA","Annual population","59","Egypt","512","Total Population - Male","3010","Population - Est. & Proj.","1972","1972","1000 persons","18320.821","X","International reliable sources",""
"OA","Annual population","59","Egypt","513","Total Population - Female","3010","Population - Est. & Proj.","1972","1972","1000 persons","17781.849","X","International reliable sources",""
"OA","Annual population","59","Egypt","551","Rural population","3010","Population - Est. & Proj.","1972","1972","1000 persons","21197.246","X","International reliable sources",""
"OA","Annual population","59","Egypt","561","Urban population","3010","Population - Est. & Proj.","1972","1972","1000 persons","15476.396","X","International reliable sources","UNDESA, Population Division – World Urbanization Prospects, the 2018 Revision"
"OA","Annual population","59","Egypt","511","Total Population - Both sexes","3010","Population - Est. & Proj.","1973","1973","1000 persons","36896.554","X","International reliable sources",""
"OA","Annual population","59","Egypt","512","Total Population - Male","3010","Population - Est. & Proj.","1973","1973","1000 persons","18714.781","X","International reliable sources",""
"OA","Annual population","59","Egypt","513","Total Population - Female","3010","Population - Est. & Proj.","1973","1973","1000 persons","18181.77","X","International reliable sources",""
"OA","Annual population","59","Egypt","551","Rural population","3010","Population - Est. & Proj.","1973","1973","1000 persons","21532.164","X","International reliable sources",""
"OA","Annual population","59","Egypt","561","Urban population","3010","Population - Est. & Proj.","1973","1973","1000 persons","15955.903","X","International reliable sources","UNDESA, Population Division – World Urbanization Prospects, the 2018 Revision"
"OA","Annual population","59","Egypt","511","Total Population - Both sexes","3010","Population - Est. & Proj.","1974","1974","1000 persons","37708.146","X","International reliable sources",""
"OA","Annual population","59","Egypt","512","Total Population - Male","3010","Population - Est. & Proj.","1974","1974","1000 persons","19117.779","X","International reliable sources",""
"OA","Annual population","59","Egypt","513","Total Population - Female","3010","Population - Est. & Proj.","1974","1974","1000 persons","18590.365","X","International reliable sources",""
"OA","Annual population","59","Egypt","551","Rural population","3010","Population - Est. & Proj.","1974","1974","1000 persons","21871.828","X","International reliable sources",""
"OA","Annual population","59","Egypt","561","Urban population","3010","Population - Est. & Proj.","1974","1974","1000 persons","16450.194","X","International reliable sources","UNDESA, Population Division – World Urbanization Prospects, the 2018 Revision"
"OA","Annual population","59","Egypt","511","Total Population - Both sexes","3010","Population - Est. & Proj.","1975","1975","1000 persons","38549.142","X","International reliable sources",""
"OA","Annual population","59","Egypt","512","Total Population - Male","3010","Population - Est. & Proj.","1975","1975","1000 persons","19535.952","X","International reliable sources",""
"OA","Annual population","59","Egypt","513","Total Population - Female","3010","Population - Est. & Proj.","1975","1975","1000 persons","19013.181","X","International reliable sources",""
"OA","Annual population","59","Egypt","551","Rural population","3010","Population - Est. & Proj.","1975","1975","1000 persons","22223.12","X","International reliable sources",""
"OA","Annual population","59","Egypt","561","Urban population","3010","Population - Est. & Proj.","1975","1975","1000 persons","16964.582","X","International reliable sources","UNDESA, Population Division – World Urbanization Prospects, the 2018 Revision"
"OA","Annual population","59","Egypt","511","Total Population - Both sexes","3010","Population - Est. & Proj.","1976","1976","1000 persons","39422.73","X","International reliable sources",""
"OA","Annual population","59","Egypt","512","Total Population - Male","3010","Population - Est. & Proj.","1976","1976","1000 persons","19971.532","X","International reliable sources",""
"OA","Annual population","59","Egypt","513","Total Population - Female","3010","Population - Est. & Proj.","1976","1976","1000 persons","19451.199","X","International reliable sources",""
"OA","Annual population","59","Egypt","551","Rural population","3010","Population - Est. & Proj.","1976","1976","1000 persons","22587.697","X","International reliable sources",""
"OA","Annual population","59","Egypt","561","Urban population","3010","Population - Est. & Proj.","1976","1976","1000 persons","17501.335","X","International reliable sources","UNDESA, Population Division – World Urbanization Prospects, the 2018 Revision"
"OA","Annual population","59","Egypt","511","Total Population - Both sexes","3010","Population - Est. & Proj.","1977","1977","1000 persons","40329.589","X","International reliable sources",""
"OA","Annual population","59","Egypt","512","Total Population - Male","3010","Population - Est. & Proj.","1977","1977","1000 persons","20424.52","X","International reliable sources",""
"OA","Annual population","59","Egypt","513","Total Population - Female","3010","Population - Est. & Proj.","1977","1977","1000 persons","19905.069","X","International reliable sources",""
"OA","Annual population","59","Egypt","551","Rural population","3010","Population - Est. & Proj.","1977","1977","1000 persons","23052.903","X","International reliable sources",""
"OA","Annual population","59","Egypt","561","Urban population","3010","Population - Est. & Proj.","1977","1977","1000 persons","17973.574","X","International reliable sources","UNDESA, Population Division – World Urbanization Prospects, the 2018 Revision"
"OA","Annual population","59","Egypt","511","Total Population - Both sexes","3010","Population - Est. & Proj.","1978","1978","1000 persons","41275.736","X","International reliable sources",""
"OA","Annual population","59","Egypt","512","Total Population - Male","3010","Population - Est. & Proj.","1978","1978","1000 persons","20896.136","X","International reliable sources",""
"OA","Annual population","59","Egypt","513","Total Population - Female","3010","Population - Est. & Proj.","1978","1978","1000 persons","20379.592","X","International reliable sources",""
"OA","Annual population","59","Egypt","551","Rural population","3010","Population - Est. & Proj.","1978","1978","1000 persons","23595.817","X","International reliable sources",""
"OA","Annual population","59","Egypt","561","Urban population","3010","Population - Est. & Proj.","1978","1978","1000 persons","18408.838","X","International reliable sources","UNDESA, Population Division – World Urbanization Prospects, the 2018 Revision"
"OA","Annual population","59","Egypt","511","Total Population - Both sexes","3010","Population - Est. & Proj.","1979","1979","1000 persons","42267.435","X","International reliable sources",""
"OA","Annual population","59","Egypt","512","Total Population - Male","3010","Population - Est. & Proj.","1979","1979","1000 persons","21387.075","X","International reliable sources",""
"OA","Annual population","59","Egypt","513","Total Population - Female","3010","Population - Est. & Proj.","1979","1979","1000 persons","20880.354","X","International reliable sources",""
"OA","Annual population","59","Egypt","551","Rural population","3010","Population - Est. & Proj.","1979","1979","1000 persons","24163.678","X","International reliable sources",""
"OA","Annual population","59","Egypt","561","Urban population","3010","Population - Est. & Proj.","1979","1979","1000 persons","18864.138","X","International reliable sources","UNDESA, Population Division – World Urbanization Prospects, the 2018 Revision"
"OA","Annual population","59","Egypt","511","Total Population - Both sexes","3010","Population - Est. & Proj.","1980","1980","1000 persons","43309.063","X","International reliable sources",""
"OA","Annual population","59","Egypt","512","Total Population - Male","3010","Population - Est. & Proj.","1980","1980","1000 persons","21897.956","X","International reliable sources",""
"OA","Annual population","59","Egypt","513","Total Population - Female","3010","Population - Est. & Proj.","1980","1980","1000 persons","21411.107","X","International reliable sources",""
"OA","Annual population","59","Egypt","551","Rural population","3010","Population - Est. & Proj.","1980","1980","1000 persons","24758.241","X","International reliable sources",""
"OA","Annual population","59","Egypt","561","Urban population","3010","Population - Est. & Proj.","1980","1980","1000 persons","19340.901","X","International reliable sources","UNDESA, Population Division – World Urbanization Prospects, the 2018 Revision"
"OA","Annual population","59","Egypt","511","Total Population - Both sexes","3010","Population - Est. & Proj.","1981","1981","1000 persons","44400.113","X","International reliable sources",""
"OA","Annual population","59","Egypt","512","Total Population - Male","3010","Population - Est. & Proj.","1981","1981","1000 persons","22427.856","X","International reliable sources",""
"OA","Annual population","59","Egypt","513","Total Population - Female","3010","Population - Est. & Proj.","1981","1981","1000 persons","21972.257","X","International reliable sources",""
"OA","Annual population","59","Egypt","551","Rural population","3010","Population - Est. & Proj.","1981","1981","1000 persons","25378.32","X","International reliable sources",""
"OA","Annual population","59","Egypt","561","Urban population","3010","Population - Est. & Proj.","1981","1981","1000 persons","19838.186","X","International reliable sources","UNDESA, Population Division – World Urbanization Prospects, the 2018 Revision"
"OA","Annual population","59","Egypt","511","Total Population - Both sexes","3010","Population - Est. & Proj.","1982","1982","1000 persons","45539.296","X","International reliable sources",""
"OA","Annual population","59","Egypt","512","Total Population - Male","3010","Population - Est. & Proj.","1982","1982","1000 persons","22977.292","X","International reliable sources",""
"OA","Annual population","59","Egypt","513","Total Population - Female","3010","Population - Est. & Proj.","1982","1982","1000 persons","22562.003","X","International reliable sources",""
"OA","Annual population","59","Egypt","551","Rural population","3010","Population - Est. & Proj.","1982","1982","1000 persons","26023.701","X","International reliable sources",""
"OA","Annual population","59","Egypt","561","Urban population","3010","Population - Est. & Proj.","1982","1982","1000 persons","20355.919","X","International reliable sources","UNDESA, Population Division – World Urbanization Prospects, the 2018 Revision"
"OA","Annual population","59","Egypt","511","Total Population - Both sexes","3010","Population - Est. & Proj.","1983","1983","1000 persons","46728.286","X","International reliable sources",""
"OA","Annual population","59","Egypt","512","Total Population - Male","3010","Population - Est. & Proj.","1983","1983","1000 persons","23549.681","X","International reliable sources",""
"OA","Annual population","59","Egypt","513","Total Population - Female","3010","Population - Est. & Proj.","1983","1983","1000 persons","23178.603","X","International reliable sources",""
"OA","Annual population","59","Egypt","551","Rural population","3010","Population - Est. & Proj.","1983","1983","1000 persons","26697.777","X","International reliable sources",""
"OA","Annual population","59","Egypt","561","Urban population","3010","Population - Est. & Proj.","1983","1983","1000 persons","20896.779","X","International reliable sources","UNDESA, Population Division – World Urbanization Prospects, the 2018 Revision"
"OA","Annual population","59","Egypt","511","Total Population - Both sexes","3010","Population - Est. & Proj.","1984","1984","1000 persons","47968.642","X","International reliable sources",""
"OA","Annual population","59","Egypt","512","Total Population - Male","3010","Population - Est. & Proj.","1984","1984","1000 persons","24149.412","X","International reliable sources",""
"OA","Annual population","59","Egypt","513","Total Population - Female","3010","Population - Est. & Proj.","1984","1984","1000 persons","23819.231","X","International reliable sources",""
"OA","Annual population","59","Egypt","551","Rural population","3010","Population - Est. & Proj.","1984","1984","1000 persons","27404.797","X","International reliable sources",""
"OA","Annual population","59","Egypt","561","Urban population","3010","Population - Est. & Proj.","1984","1984","1000 persons","21464.154","X","International reliable sources","UNDESA, Population Division – World Urbanization Prospects, the 2018 Revision"
"OA","Annual population","59","Egypt","511","Total Population - Both sexes","3010","Population - Est. & Proj.","1985","1985","1000 persons","49258.732","X","International reliable sources",""
"OA","Annual population","59","Egypt","512","Total Population - Male","3010","Population - Est. & Proj.","1985","1985","1000 persons","24778.363","X","International reliable sources",""
"OA","Annual population","59","Egypt","513","Total Population - Female","3010","Population - Est. & Proj.","1985","1985","1000 persons","24480.363","X","International reliable sources",""
"OA","Annual population","59","Egypt","551","Rural population","3010","Population - Est. & Proj.","1985","1985","1000 persons","28145.985","X","International reliable sources",""
"OA","Annual population","59","Egypt","561","Urban population","3010","Population - Est. & Proj.","1985","1985","1000 persons","22059","X","International reliable sources","UNDESA, Population Division – World Urbanization Prospects, the 2018 Revision"
"OA","Annual population","59","Egypt","511","Total Population - Both sexes","3010","Population - Est. & Proj.","1986","1986","1000 persons","50602.354","X","International reliable sources",""
"OA","Annual population","59","Egypt","512","Total Population - Male","3010","Population - Est. & Proj.","1986","1986","1000 persons","25438.969","X","International reliable sources",""
"OA","Annual population","59","Egypt","513","Total Population - Female","3010","Population - Est. & Proj.","1986","1986","1000 persons","25163.391","X","International reliable sources",""
"OA","Annual population","59","Egypt","551","Rural population","3010","Population - Est. & Proj.","1986","1986","1000 persons","28924.107","X","International reliable sources",""
"OA","Annual population","59","Egypt","561","Urban population","3010","Population - Est. & Proj.","1986","1986","1000 persons","22683.596","X","International reliable sources","UNDESA, Population Division – World Urbanization Prospects, the 2018 Revision"
"OA","Annual population","59","Egypt","511","Total Population - Both sexes","3010","Population - Est. & Proj.","1987","1987","1000 persons","51991.7","X","International reliable sources",""
"OA","Annual population","59","Egypt","512","Total Population - Male","3010","Population - Est. & Proj.","1987","1987","1000 persons","26126.814","X","International reliable sources",""
"OA","Annual population","59","Egypt","513","Total Population - Female","3010","Population - Est. & Proj.","1987","1987","1000 persons","25864.882","X","International reliable sources",""
"OA","Annual population","59","Egypt","551","Rural population","3010","Population - Est. & Proj.","1987","1987","1000 persons","29782.134","X","International reliable sources",""
"OA","Annual population","59","Egypt","561","Urban population","3010","Population - Est. & Proj.","1987","1987","1000 persons","23284.095","X","International reliable sources","UNDESA, Population Division – World Urbanization Prospects, the 2018 Revision"
"OA","Annual population","59","Egypt","511","Total Population - Both sexes","3010","Population - Est. & Proj.","1988","1988","1000 persons","53399.246","X","International reliable sources",""
"OA","Annual population","59","Egypt","512","Total Population - Male","3010","Population - Est. & Proj.","1988","1988","1000 persons","26828.519","X","International reliable sources",""
"OA","Annual population","59","Egypt","513","Total Population - Female","3010","Population - Est. & Proj.","1988","1988","1000 persons","26570.724","X","International reliable sources",""
"OA","Annual population","59","Egypt","551","Rural population","3010","Population - Est. & Proj.","1988","1988","1000 persons","30686.154","X","International reliable sources",""
"OA","Annual population","59","Egypt","561","Urban population","3010","Population - Est. & Proj.","1988","1988","1000 persons","23861.142","X","International reliable sources","UNDESA, Population Division – World Urbanization Prospects, the 2018 Revision"
"OA","Annual population","59","Egypt","511","Total Population - Both sexes","3010","Population - Est. & Proj.","1989","1989","1000 persons","54788.685","X","International reliable sources",""
"OA","Annual population","59","Egypt","512","Total Population - Male","3010","Population - Est. & Proj.","1989","1989","1000 persons","27526.073","X","International reliable sources",""
"OA","Annual population","59","Egypt","513","Total Population - Female","3010","Population - Est. & Proj.","1989","1989","1000 persons","27262.607","X","International reliable sources",""
"OA","Annual population","59","Egypt","551","Rural population","3010","Population - Est. & Proj.","1989","1989","1000 persons","31581.585","X","International reliable sources",""
"OA","Annual population","59","Egypt","561","Urban population","3010","Population - Est. & Proj.","1989","1989","1000 persons","24424.988","X","International reliable sources","UNDESA, Population Division – World Urbanization Prospects, the 2018 Revision"
"OA","Annual population","59","Egypt","511","Total Population - Both sexes","3010","Population - Est. & Proj.","1990","1990","1000 persons","56134.475","X","International reliable sources",""
"OA","Annual population","59","Egypt","512","Total Population - Male","3010","Population - Est. & Proj.","1990","1990","1000 persons","28206.576","X","International reliable sources",""
"OA","Annual population","59","Egypt","513","Total Population - Female","3010","Population - Est. & Proj.","1990","1990","1000 persons","27927.902","X","International reliable sources",""
"OA","Annual population","59","Egypt","551","Rural population","3010","Population - Est. & Proj.","1990","1990","1000 persons","32450.634","X","International reliable sources",""
"OA","Annual population","59","Egypt","561","Urban population","3010","Population - Est. & Proj.","1990","1990","1000 persons","24961.581","X","International reliable sources","UNDESA, Population Division – World Urbanization Prospects, the 2018 Revision"
"OA","Annual population","59","Egypt","511","Total Population - Both sexes","3010","Population - Est. & Proj.","1991","1991","1000 persons","57424.549","X","International reliable sources",""
"OA","Annual population","59","Egypt","512","Total Population - Male","3010","Population - Est. & Proj.","1991","1991","1000 persons","28864.813","X","International reliable sources",""
"OA","Annual population","59","Egypt","513","Total Population - Female","3010","Population - Est. & Proj.","1991","1991","1000 persons","28559.739","X","International reliable sources",""
"OA","Annual population","59","Egypt","551","Rural population","3010","Population - Est. & Proj.","1991","1991","1000 persons","33286.28","X","International reliable sources",""
"OA","Annual population","59","Egypt","561","Urban population","3010","Population - Est. & Proj.","1991","1991","1000 persons","25466.11","X","International reliable sources","UNDESA, Population Division – World Urbanization Prospects, the 2018 Revision"
"OA","Annual population","59","Egypt","511","Total Population - Both sexes","3010","Population - Est. & Proj.","1992","1992","1000 persons","58666.814","X","International reliable sources",""
"OA","Annual population","59","Egypt","512","Total Population - Male","3010","Population - Est. & Proj.","1992","1992","1000 persons","29504.233","X","International reliable sources",""
"OA","Annual population","59","Egypt","513","Total Population - Female","3010","Population - Est. & Proj.","1992","1992","1000 persons","29162.579","X","International reliable sources",""
"OA","Annual population","59","Egypt","551","Rural population","3010","Population - Est. & Proj.","1992","1992","1000 persons","34093.157","X","International reliable sources",""
"OA","Annual population","59","Egypt","561","Urban population","3010","Population - Est. & Proj.","1992","1992","1000 persons","25942.379","X","International reliable sources","UNDESA, Population Division – World Urbanization Prospects, the 2018 Revision"
"OA","Annual population","59","Egypt","511","Total Population - Both sexes","3010","Population - Est. & Proj.","1993","1993","1000 persons","59880.658","X","International reliable sources",""
"OA","Annual population","59","Egypt","512","Total Population - Male","3010","Population - Est. & Proj.","1993","1993","1000 persons","30131.407","X","International reliable sources",""
"OA","Annual population","59","Egypt","513","Total Population - Female","3010","Population - Est. & Proj.","1993","1993","1000 persons","29749.249","X","International reliable sources",""
"OA","Annual population","59","Egypt","551","Rural population","3010","Population - Est. & Proj.","1993","1993","1000 persons","34878.644","X","International reliable sources",""
"OA","Annual population","59","Egypt","561","Urban population","3010","Population - Est. & Proj.","1993","1993","1000 persons","26396.957","X","International reliable sources","UNDESA, Population Division – World Urbanization Prospects, the 2018 Revision"
"OA","Annual population","59","Egypt","511","Total Population - Both sexes","3010","Population - Est. & Proj.","1994","1994","1000 persons","61095.804","X","International reliable sources",""
"OA","Annual population","59","Egypt","512","Total Population - Male","3010","Population - Est. & Proj.","1994","1994","1000 persons","30756.962","X","International reliable sources",""
"OA","Annual population","59","Egypt","513","Total Population - Female","3010","Population - Est. & Proj.","1994","1994","1000 persons","30338.842","X","International reliable sources",""
"OA","Annual population","59","Egypt","551","Rural population","3010","Population - Est. & Proj.","1994","1994","1000 persons","35656.107","X","International reliable sources",""
"OA","Annual population","59","Egypt","561","Urban population","3010","Population - Est. & Proj.","1994","1994","1000 persons","26839.638","X","International reliable sources","UNDESA, Population Division – World Urbanization Prospects, the 2018 Revision"
"OA","Annual population","59","Egypt","511","Total Population - Both sexes","3010","Population - Est. & Proj.","1995","1995","1000 persons","62334.034","X","International reliable sources",""
"OA","Annual population","59","Egypt","512","Total Population - Male","3010","Population - Est. & Proj.","1995","1995","1000 persons","31388.895","X","International reliable sources",""
"OA","Annual population","59","Egypt","513","Total Population - Female","3010","Population - Est. & Proj.","1995","1995","1000 persons","30945.13","X","International reliable sources",""
"OA","Annual population","59","Egypt","551","Rural population","3010","Population - Est. & Proj.","1995","1995","1000 persons","36435.885","X","International reliable sources",""
"OA","Annual population","59","Egypt","561","Urban population","3010","Population - Est. & Proj.","1995","1995","1000 persons","27278.501","X","International reliable sources","UNDESA, Population Division – World Urbanization Prospects, the 2018 Revision"
"OA","Annual population","59","Egypt","511","Total Population - Both sexes","3010","Population - Est. & Proj.","1996","1996","1000 persons","63601.629","X","International reliable sources",""
"OA","Annual population","59","Egypt","512","Total Population - Male","3010","Population - Est. & Proj.","1996","1996","1000 persons","32028.821","X","International reliable sources",""
"OA","Annual population","59","Egypt","513","Total Population - Female","3010","Population - Est. & Proj.","1996","1996","1000 persons","31572.811","X","International reliable sources",""
"OA","Annual population","59","Egypt","551","Rural population","3010","Population - Est. & Proj.","1996","1996","1000 persons","37219.192","X","International reliable sources",""
"OA","Annual population","59","Egypt","561","Urban population","3010","Population - Est. & Proj.","1996","1996","1000 persons","27714.264","X","International reliable sources","UNDESA, Population Division – World Urbanization Prospects, the 2018 Revision"
"OA","Annual population","59","Egypt","511","Total Population - Both sexes","3010","Population - Est. & Proj.","1997","1997","1000 persons","64892.27","X","International reliable sources",""
"OA","Annual population","59","Egypt","512","Total Population - Male","3010","Population - Est. & Proj.","1997","1997","1000 persons","32674.778","X","International reliable sources",""
"OA","Annual population","59","Egypt","513","Total Population - Female","3010","Population - Est. & Proj.","1997","1997","1000 persons","32217.491","X","International reliable sources",""
"OA","Annual population","59","Egypt","551","Rural population","3010","Population - Est. & Proj.","1997","1997","1000 persons","37932.213","X","International reliable sources",""
"OA","Annual population","59","Egypt","561","Urban population","3010","Population - Est. & Proj.","1997","1997","1000 persons","28218.904","X","International reliable sources","UNDESA, Population Division – World Urbanization Prospects, the 2018 Revision"
"OA","Annual population","59","Egypt","511","Total Population - Both sexes","3010","Population - Est. & Proj.","1998","1998","1000 persons","66200.269","X","International reliable sources",""
"OA","Annual population","59","Egypt","512","Total Population - Male","3010","Population - Est. & Proj.","1998","1998","1000 persons","33327.17","X","International reliable sources",""
"OA","Annual population","59","Egypt","513","Total Population - Female","3010","Population - Est. & Proj.","1998","1998","1000 persons","32873.089","X","International reliable sources",""
"OA","Annual population","59","Egypt","551","Rural population","3010","Population - Est. & Proj.","1998","1998","1000 persons","38604.731","X","International reliable sources",""
"OA","Annual population","59","Egypt","561","Urban population","3010","Population - Est. & Proj.","1998","1998","1000 persons","28773.325","X","International reliable sources","UNDESA, Population Division – World Urbanization Prospects, the 2018 Revision"
"OA","Annual population","59","Egypt","511","Total Population - Both sexes","3010","Population - Est. & Proj.","1999","1999","1000 persons","67515.591","X","International reliable sources",""
"OA","Annual population","59","Egypt","512","Total Population - Male","3010","Population - Est. & Proj.","1999","1999","1000 persons","33985.719","X","International reliable sources",""
"OA","Annual population","59","Egypt","513","Total Population - Female","3010","Population - Est. & Proj.","1999","1999","1000 persons","33529.872","X","International reliable sources",""
"OA","Annual population","59","Egypt","551","Rural population","3010","Population - Est. & Proj.","1999","1999","1000 persons","39288.516","X","International reliable sources",""
"OA","Annual population","59","Egypt","561","Urban population","3010","Population - Est. & Proj.","1999","1999","1000 persons","29338.148","X","International reliable sources","UNDESA, Population Division – World Urbanization Prospects, the 2018 Revision"
"OA","Annual population","59","Egypt","511","Total Population - Both sexes","3010","Population - Est. & Proj.","2000","2000","1000 persons","68831.561","X","International reliable sources",""
"OA","Annual population","59","Egypt","512","Total Population - Male","3010","Population - Est. & Proj.","2000","2000","1000 persons","34650.424","X","International reliable sources",""
"OA","Annual population","59","Egypt","513","Total Population - Female","3010","Population - Est. & Proj.","2000","2000","1000 persons","34181.137","X","International reliable sources",""
"OA","Annual population","59","Egypt","551","Rural population","3010","Population - Est. & Proj.","2000","2000","1000 persons","39988.667","X","International reliable sources",""
"OA","Annual population","59","Egypt","561","Urban population","3010","Population - Est. & Proj.","2000","2000","1000 persons","29917.321","X","International reliable sources","UNDESA, Population Division – World Urbanization Prospects, the 2018 Revision"
"OA","Annual population","59","Egypt","511","Total Population - Both sexes","3010","Population - Est. & Proj.","2001","2001","1000 persons","70152.661","X","International reliable sources",""
"OA","Annual population","59","Egypt","512","Total Population - Male","3010","Population - Est. & Proj.","2001","2001","1000 persons","35324.564","X","International reliable sources",""
"OA","Annual population","59","Egypt","513","Total Population - Female","3010","Population - Est. & Proj.","2001","2001","1000 persons","34828.098","X","International reliable sources",""
"OA","Annual population","59","Egypt","551","Rural population","3010","Population - Est. & Proj.","2001","2001","1000 persons","40711.513","X","International reliable sources",""
"OA","Annual population","59","Egypt","561","Urban population","3010","Population - Est. & Proj.","2001","2001","1000 persons","30515.427","X","International reliable sources","UNDESA, Population Division – World Urbanization Prospects, the 2018 Revision"
"OA","Annual population","59","Egypt","511","Total Population - Both sexes","3010","Population - Est. & Proj.","2002","2002","1000 persons","71485.043","X","International reliable sources",""
"OA","Annual population","59","Egypt","512","Total Population - Male","3010","Population - Est. & Proj.","2002","2002","1000 persons","36009.89","X","International reliable sources",""
"OA","Annual population","59","Egypt","513","Total Population - Female","3010","Population - Est. & Proj.","2002","2002","1000 persons","35475.154","X","International reliable sources",""
"OA","Annual population","59","Egypt","551","Rural population","3010","Population - Est. & Proj.","2002","2002","1000 persons","41457.204","X","International reliable sources",""
"OA","Annual population","59","Egypt","561","Urban population","3010","Population - Est. & Proj.","2002","2002","1000 persons","31132.914","X","International reliable sources","UNDESA, Population Division – World Urbanization Prospects, the 2018 Revision"
"OA","Annual population","59","Egypt","511","Total Population - Both sexes","3010","Population - Est. & Proj.","2003","2003","1000 persons","72826.097","X","International reliable sources",""
"OA","Annual population","59","Egypt","512","Total Population - Male","3010","Population - Est. & Proj.","2003","2003","1000 persons","36703.21","X","International reliable sources",""
"OA","Annual population","59","Egypt","513","Total Population - Female","3010","Population - Est. & Proj.","2003","2003","1000 persons","36122.892","X","International reliable sources",""
"OA","Annual population","59","Egypt","551","Rural population","3010","Population - Est. & Proj.","2003","2003","1000 persons","42217.976","X","International reliable sources",""
"OA","Annual population","59","Egypt","561","Urban population","3010","Population - Est. & Proj.","2003","2003","1000 persons","31763.966","X","International reliable sources","UNDESA, Population Division – World Urbanization Prospects, the 2018 Revision"
"OA","Annual population","59","Egypt","511","Total Population - Both sexes","3010","Population - Est. & Proj.","2004","2004","1000 persons","74172.073","X","International reliable sources",""
"OA","Annual population","59","Egypt","512","Total Population - Male","3010","Population - Est. & Proj.","2004","2004","1000 persons","37399.737","X","International reliable sources",""
"OA","Annual population","59","Egypt","513","Total Population - Female","3010","Population - Est. & Proj.","2004","2004","1000 persons","36772.336","X","International reliable sources",""
"OA","Annual population","59","Egypt","551","Rural population","3010","Population - Est. & Proj.","2004","2004","1000 persons","42982.044","X","International reliable sources",""
"OA","Annual population","59","Egypt","561","Urban population","3010","Population - Est. & Proj.","2004","2004","1000 persons","32399.855","X","International reliable sources","UNDESA, Population Division – World Urbanization Prospects, the 2018 Revision"
"OA","Annual population","59","Egypt","511","Total Population - Both sexes","3010","Population - Est. & Proj.","2005","2005","1000 persons","75523.569","X","International reliable sources",""
"OA","Annual population","59","Egypt","512","Total Population - Male","3010","Population - Est. & Proj.","2005","2005","1000 persons","38097.625","X","International reliable sources",""
"OA","Annual population","59","Egypt","513","Total Population - Female","3010","Population - Est. & Proj.","2005","2005","1000 persons","37425.951","X","International reliable sources",""
"OA","Annual population","59","Egypt","551","Rural population","3010","Population - Est. & Proj.","2005","2005","1000 persons","43742.795","X","International reliable sources",""
"OA","Annual population","59","Egypt","561","Urban population","3010","Population - Est. & Proj.","2005","2005","1000 persons","33035.354","X","International reliable sources","UNDESA, Population Division – World Urbanization Prospects, the 2018 Revision"
"OA","Annual population","59","Egypt","511","Total Population - Both sexes","3010","Population - Est. & Proj.","2006","2006","1000 persons","76873.663","X","International reliable sources",""
"OA","Annual population","59","Egypt","512","Total Population - Male","3010","Population - Est. & Proj.","2006","2006","1000 persons","38792.844","X","International reliable sources",""
"OA","Annual population","59","Egypt","513","Total Population - Female","3010","Population - Est. & Proj.","2006","2006","1000 persons","38080.826","X","International reliable sources",""
"OA","Annual population","59","Egypt","551","Rural population","3010","Population - Est. & Proj.","2006","2006","1000 persons","44493.461","X","International reliable sources",""
"OA","Annual population","59","Egypt","561","Urban population","3010","Population - Est. & Proj.","2006","2006","1000 persons","33665.587","X","International reliable sources","UNDESA, Population Division – World Urbanization Prospects, the 2018 Revision"
"OA","Annual population","59","Egypt","511","Total Population - Both sexes","3010","Population - Est. & Proj.","2007","2007","1000 persons","78232.126","X","International reliable sources",""
"OA","Annual population","59","Egypt","512","Total Population - Male","3010","Population - Est. & Proj.","2007","2007","1000 persons","39490.813","X","International reliable sources",""
"OA","Annual population","59","Egypt","513","Total Population - Female","3010","Population - Est. & Proj.","2007","2007","1000 persons","38741.311","X","International reliable sources",""
"OA","Annual population","59","Egypt","551","Rural population","3010","Population - Est. & Proj.","2007","2007","1000 persons","45274.468","X","International reliable sources",""
"OA","Annual population","59","Egypt","561","Urban population","3010","Population - Est. & Proj.","2007","2007","1000 persons","34262.785","X","International reliable sources","UNDESA, Population Division – World Urbanization Prospects, the 2018 Revision"
"OA","Annual population","59","Egypt","511","Total Population - Both sexes","3010","Population - Est. & Proj.","2008","2008","1000 persons","79636.079","X","International reliable sources",""
"OA","Annual population","59","Egypt","512","Total Population - Male","3010","Population - Est. & Proj.","2008","2008","1000 persons","40210.318","X","International reliable sources",""
"OA","Annual population","59","Egypt","513","Total Population - Female","3010","Population - Est. & Proj.","2008","2008","1000 persons","39425.763","X","International reliable sources",""
"OA","Annual population","59","Egypt","551","Rural population","3010","Population - Est. & Proj.","2008","2008","1000 persons","46096.587","X","International reliable sources",""
"OA","Annual population","59","Egypt","561","Urban population","3010","Population - Est. & Proj.","2008","2008","1000 persons","34857.294","X","International reliable sources","UNDESA, Population Division – World Urbanization Prospects, the 2018 Revision"
"OA","Annual population","59","Egypt","511","Total Population - Both sexes","3010","Population - Est. & Proj.","2009","2009","1000 persons","81134.798","X","International reliable sources",""
"OA","Annual population","59","Egypt","512","Total Population - Male","3010","Population - Est. & Proj.","2009","2009","1000 persons","40976.505","X","International reliable sources",""
"OA","Annual population","59","Egypt","513","Total Population - Female","3010","Population - Est. & Proj.","2009","2009","1000 persons","40158.284","X","International reliable sources",""
"OA","Annual population","59","Egypt","551","Rural population","3010","Population - Est. & Proj.","2009","2009","1000 persons","46973.046","X","International reliable sources",""
"OA","Annual population","59","Egypt","561","Urban population","3010","Population - Est. & Proj.","2009","2009","1000 persons","35491.976","X","International reliable sources","UNDESA, Population Division – World Urbanization Prospects, the 2018 Revision"
"OA","Annual population","59","Egypt","511","Total Population - Both sexes","3010","Population - Est. & Proj.","2010","2010","1000 persons","82761.235","X","International reliable sources",""
"OA","Annual population","59","Egypt","512","Total Population - Male","3010","Population - Est. & Proj.","2010","2010","1000 persons","41806.22","X","International reliable sources",""
"OA","Annual population","59","Egypt","513","Total Population - Female","3010","Population - Est. & Proj.","2010","2010","1000 persons","40955.024","X","International reliable sources",""
"OA","Annual population","59","Egypt","551","Rural population","3010","Population - Est. & Proj.","2010","2010","1000 persons","47925.009","X","International reliable sources",""
"OA","Annual population","59","Egypt","561","Urban population","3010","Population - Est. & Proj.","2010","2010","1000 persons","36182.597","X","International reliable sources","UNDESA, Population Division – World Urbanization Prospects, the 2018 Revision"
"OA","Annual population","59","Egypt","511","Total Population - Both sexes","3010","Population - Est. & Proj.","2011","2011","1000 persons","84529.252","X","International reliable sources",""
"OA","Annual population","59","Egypt","512","Total Population - Male","3010","Population - Est. & Proj.","2011","2011","1000 persons","42706.357","X","International reliable sources",""
"OA","Annual population","59","Egypt","513","Total Population - Female","3010","Population - Est. & Proj.","2011","2011","1000 persons","41822.894","X","International reliable sources",""
"OA","Annual population","59","Egypt","551","Rural population","3010","Population - Est. & Proj.","2011","2011","1000 persons","48961.61","X","International reliable sources",""
"OA","Annual population","59","Egypt","561","Urban population","3010","Population - Est. & Proj.","2011","2011","1000 persons","36935.951","X","International reliable sources","UNDESA, Population Division – World Urbanization Prospects, the 2018 Revision"
"OA","Annual population","59","Egypt","511","Total Population - Both sexes","3010","Population - Est. & Proj.","2012","2012","1000 persons","86422.243","X","International reliable sources",""
"OA","Annual population","59","Egypt","512","Total Population - Male","3010","Population - Est. & Proj.","2012","2012","1000 persons","43668.307","X","International reliable sources",""
"OA","Annual population","59","Egypt","513","Total Population - Female","3010","Population - Est. & Proj.","2012","2012","1000 persons","42753.933","X","International reliable sources",""
"OA","Annual population","59","Egypt","551","Rural population","3010","Population - Est. & Proj.","2012","2012","1000 persons","50100.764","X","International reliable sources",""
"OA","Annual population","59","Egypt","561","Urban population","3010","Population - Est. & Proj.","2012","2012","1000 persons","37712.493","X","International reliable sources","UNDESA, Population Division – World Urbanization Prospects, the 2018 Revision"
"OA","Annual population","59","Egypt","511","Total Population - Both sexes","3010","Population - Est. & Proj.","2013","2013","1000 persons","88404.646","X","International reliable sources",""
"OA","Annual population","59","Egypt","512","Total Population - Male","3010","Population - Est. & Proj.","2013","2013","1000 persons","44674.003","X","International reliable sources",""
"OA","Annual population","59","Egypt","513","Total Population - Female","3010","Population - Est. & Proj.","2013","2013","1000 persons","43730.649","X","International reliable sources",""
"OA","Annual population","59","Egypt","551","Rural population","3010","Population - Est. & Proj.","2013","2013","1000 persons","51286.648","X","International reliable sources",""
"OA","Annual population","59","Egypt","561","Urban population","3010","Population - Est. & Proj.","2013","2013","1000 persons","38520.785","X","International reliable sources","UNDESA, Population Division – World Urbanization Prospects, the 2018 Revision"
"OA","Annual population","59","Egypt","511","Total Population - Both sexes","3010","Population - Est. & Proj.","2014","2014","1000 persons","90424.656","X","International reliable sources",""
"OA","Annual population","59","Egypt","512","Total Population - Male","3010","Population - Est. & Proj.","2014","2014","1000 persons","45697.164","X","International reliable sources",""
"OA","Annual population","59","Egypt","513","Total Population - Female","3010","Population - Est. & Proj.","2014","2014","1000 persons","44727.504","X","International reliable sources",""
"OA","Annual population","59","Egypt","551","Rural population","3010","Population - Est. & Proj.","2014","2014","1000 persons","52480.985","X","International reliable sources",""
"OA","Annual population","59","Egypt","561","Urban population","3010","Population - Est. & Proj.","2014","2014","1000 persons","39331.581","X","International reliable sources","UNDESA, Population Division – World Urbanization Prospects, the 2018 Revision"
"OA","Annual population","59","Egypt","511","Total Population - Both sexes","3010","Population - Est. & Proj.","2015","2015","1000 persons","92442.547","X","International reliable sources",""
"OA","Annual population","59","Egypt","512","Total Population - Male","3010","Population - Est. & Proj.","2015","2015","1000 persons","46717.678","X","International reliable sources",""
"OA","Annual population","59","Egypt","513","Total Population - Female","3010","Population - Est. & Proj.","2015","2015","1000 persons","45724.871","X","International reliable sources",""
"OA","Annual population","59","Egypt","551","Rural population","3010","Population - Est. & Proj.","2015","2015","1000 persons","53654.843","X","International reliable sources",""
"OA","Annual population","59","Egypt","561","Urban population","3010","Population - Est. & Proj.","2015","2015","1000 persons","40123.329","X","International reliable sources","UNDESA, Population Division – World Urbanization Prospects, the 2018 Revision"
"OA","Annual population","59","Egypt","511","Total Population - Both sexes","3010","Population - Est. & Proj.","2016","2016","1000 persons","94447.073","X","International reliable sources",""
"OA","Annual population","59","Egypt","512","Total Population - Male","3010","Population - Est. & Proj.","2016","2016","1000 persons","47729.77","X","International reliable sources",""
"OA","Annual population","59","Egypt","513","Total Population - Female","3010","Population - Est. & Proj.","2016","2016","1000 persons","46717.301","X","International reliable sources",""
"OA","Annual population","59","Egypt","551","Rural population","3010","Population - Est. & Proj.","2016","2016","1000 persons","54799.311","X","International reliable sources",""
"OA","Annual population","59","Egypt","561","Urban population","3010","Population - Est. & Proj.","2016","2016","1000 persons","40889.37","X","International reliable sources","UNDESA, Population Division – World Urbanization Prospects, the 2018 Revision"
"OA","Annual population","59","Egypt","511","Total Population - Both sexes","3010","Population - Est. & Proj.","2017","2017","1000 persons","96442.591","X","International reliable sources",""
"OA","Annual population","59","Egypt","512","Total Population - Male","3010","Population - Est. & Proj.","2017","2017","1000 persons","48735.775","X","International reliable sources",""
"OA","Annual population","59","Egypt","513","Total Population - Female","3010","Population - Est. & Proj.","2017","2017","1000 persons","47706.815","X","International reliable sources",""
"OA","Annual population","59","Egypt","551","Rural population","3010","Population - Est. & Proj.","2017","2017","1000 persons","55893.406","X","International reliable sources",""
"OA","Annual population","59","Egypt","561","Urban population","3010","Population - Est. & Proj.","2017","2017","1000 persons","41659.745","X","International reliable sources","UNDESA, Population Division – World Urbanization Prospects, the 2018 Revision"
"OA","Annual population","59","Egypt","511","Total Population - Both sexes","3010","Population - Est. & Proj.","2018","2018","1000 persons","98423.598","X","International reliable sources",""
"OA","Annual population","59","Egypt","512","Total Population - Male","3010","Population - Est. & Proj.","2018","2018","1000 persons","49733.474","X","International reliable sources",""
"OA","Annual population","59","Egypt","513","Total Population - Female","3010","Population - Est. & Proj.","2018","2018","1000 persons","48690.128","X","International reliable sources",""
"OA","Annual population","59","Egypt","551","Rural population","3010","Population - Est. & Proj.","2018","2018","1000 persons","56938.212","X","International reliable sources",""
"OA","Annual population","59","Egypt","561","Urban population","3010","Population - Est. & Proj.","2018","2018","1000 persons","42437.529","X","International reliable sources","UNDESA, Population Division – World Urbanization Prospects, the 2018 Revision"
